"","punter_player_name","punter_player_id","kick_distance"
"1","B.Gillikin","00-0035859",50
"2","S.Martin","00-0030092",51
"3","S.Martin","00-0030092",34
"4","B.Gillikin","00-0035859",28
"5","J.Stout","00-0038094",40
"6","M.Araiza","00-0037284",56
"7","J.Stout","00-0038094",35
"8","M.Araiza","00-0037284",40
"9","M.Araiza","00-0037284",48
"10","J.Hekker","00-0028872",46
"11","J.Hekker","00-0028872",46
"12","J.Hekker","00-0028872",53
"13","J.Hekker","00-0028872",11
"14","M.Hayball","00-0039611",38
"15","M.Hayball","00-0039611",35
"16","J.Hekker","00-0028872",35
"17","B.Anger","00-0029692",42
"18","C.Bojorquez","00-0034721",58
"19","B.Anger","00-0029692",52
"20","C.Bojorquez","00-0034721",53
"21","B.Anger","00-0029692",46
"22","C.Bojorquez","00-0034721",56
"23","C.Bojorquez","00-0034721",33
"24","C.Bojorquez","00-0034721",46
"25","C.Bojorquez","00-0034721",49
"26","B.Anger","00-0029692",43
"27","C.Bojorquez","00-0034721",62
"28","B.Anger","00-0029692",52
"29","B.Anger","00-0029692",59
"30","M.Dickson","00-0034160",44
"31","R.Dixon","00-0032943",39
"32","M.Dickson","00-0034160",52
"33","R.Dixon","00-0032943",38
"34","R.Dixon","00-0032943",54
"35","R.Dixon","00-0032943",65
"36","R.Dixon","00-0032943",37
"37","M.Dickson","00-0034160",52
"38","R.Dixon","00-0032943",42
"39","R.Dixon","00-0032943",65
"40","R.Dixon","00-0032943",49
"41","M.Dickson","00-0034160",50
"42","M.Dickson","00-0034160",43
"43","D.Whelan","00-0037547",33
"44","B.Mann","00-0036313",54
"45","D.Whelan","00-0037547",41
"46","B.Mann","00-0036313",47
"47","R.Sanchez","00-0033269",58
"48","R.Sanchez","00-0033269",39
"49","T.Townsend","00-0035889",56
"50","R.Sanchez","00-0033269",55
"51","T.Townsend","00-0035889",0
"52","L.Cooke","00-0034437",48
"53","J.Bailey","00-0035280",47
"54","J.Bailey","00-0035280",57
"55","L.Cooke","00-0034437",67
"56","L.Cooke","00-0034437",52
"57","J.Bailey","00-0035280",51
"58","L.Cooke","00-0034437",55
"59","J.Bailey","00-0035280",43
"60","L.Cooke","00-0034437",44
"61","L.Cooke","00-0034437",45
"62","E.Evans","00-0039059",48
"63","J.Fox","00-0035156",67
"64","J.Fox","00-0035156",64
"65","E.Evans","00-0039059",43
"66","J.Fox","00-0035156",45
"67","J.Fox","00-0035156",54
"68","E.Evans","00-0039059",50
"69","J.Scott","00-0034162",28
"70","A.Cole","00-0035190",57
"71","J.Scott","00-0034162",51
"72","J.Scott","00-0034162",52
"73","A.Cole","00-0035190",52
"74","J.Scott","00-0034162",55
"75","A.Cole","00-0035190",59
"76","J.Scott","00-0034162",56
"77","A.Cole","00-0035190",62
"78","J.Scott","00-0034162",49
"79","J.Scott","00-0034162",41
"80","A.Cole","00-0035190",35
"81","J.Gillan","00-0035042",54
"82","J.Gillan","00-0035042",39
"83","J.Gillan","00-0035042",34
"84","R.Wright","00-0037500",48
"85","J.Gillan","00-0035042",52
"86","R.Wright","00-0037500",47
"87","J.Gillan","00-0035042",50
"88","R.Wright","00-0037500",26
"89","R.Wright","00-0037500",47
"90","J.Gillan","00-0035042",48
"91","R.Rehkow","00-0039323",57
"92","B.Baringer","00-0038610",44
"93","R.Rehkow","00-0039323",80
"94","R.Rehkow","00-0039323",51
"95","B.Baringer","00-0038610",56
"96","B.Baringer","00-0038610",54
"97","B.Baringer","00-0038610",47
"98","B.Baringer","00-0038610",49
"99","R.Rehkow","00-0039323",70
"100","T.Morstead","00-0027114",55
"101","M.Wishnowsky","00-0034941",58
"102","T.Morstead","00-0027114",45
"103","T.Morstead","00-0027114",60
"104","B.Pinion","00-0032065",41
"105","C.Johnston","00-0033729",45
"106","C.Johnston","00-0033729",58
"107","B.Pinion","00-0032065",55
"108","B.Pinion","00-0032065",59
"109","B.Pinion","00-0032065",55
"110","C.Boswell","00-0031136",43
"111","R.Stonehouse","00-0037607",50
"112","T.Taylor","00-0039745",50
"113","R.Stonehouse","00-0037607",49
"114","T.Taylor","00-0039745",34
"115","T.Taylor","00-0039745",43
"116","T.Taylor","00-0039745",60
"117","R.Stonehouse","00-0037607",0
"118","R.Stonehouse","00-0037607",55
"119","T.Taylor","00-0039745",49
"120","R.Stonehouse","00-0037607",59
"121","R.Stonehouse","00-0037607",55
"122","T.Taylor","00-0039745",34
"123","T.Way","00-0030140",54
"124","T.Way","00-0030140",41
"125","J.Camarda","00-0038042",38
"126","T.Way","00-0030140",44
"127","B.Mann","00-0036313",40
"128","B.Pinion","00-0032065",45
"129","B.Pinion","00-0032065",44
"130","B.Mann","00-0036313",53
"131","S.Martin","00-0030092",45
"132","J.Bailey","00-0035280",48
"133","S.Martin","00-0030092",39
"134","S.Martin","00-0030092",65
"135","T.Taylor","00-0039745",41
"136","T.Taylor","00-0039745",54
"137","T.Townsend","00-0035889",37
"138","T.Taylor","00-0039745",53
"139","T.Townsend","00-0035889",60
"140","T.Taylor","00-0039745",57
"141","T.Townsend","00-0035889",47
"142","T.Taylor","00-0039745",25
"143","T.Townsend","00-0035889",42
"144","T.Townsend","00-0035889",37
"145","T.Taylor","00-0039745",54
"146","T.Townsend","00-0035889",44
"147","R.Rehkow","00-0039323",45
"148","M.Araiza","00-0037284",49
"149","M.Araiza","00-0037284",63
"150","R.Rehkow","00-0039323",53
"151","L.Cooke","00-0034437",55
"152","L.Cooke","00-0034437",55
"153","C.Bojorquez","00-0034721",64
"154","L.Cooke","00-0034437",46
"155","C.Bojorquez","00-0034721",31
"156","C.Bojorquez","00-0034721",56
"157","C.Bojorquez","00-0034721",39
"158","C.Bojorquez","00-0034721",28
"159","R.Sanchez","00-0033269",49
"160","R.Sanchez","00-0033269",53
"161","D.Whelan","00-0037547",42
"162","R.Sanchez","00-0033269",59
"163","D.Whelan","00-0037547",59
"164","D.Whelan","00-0037547",38
"165","J.Hekker","00-0028872",37
"166","J.Hekker","00-0028872",28
"167","J.Scott","00-0034162",38
"168","J.Hekker","00-0028872",47
"169","J.Scott","00-0034162",44
"170","J.Hekker","00-0028872",40
"171","J.Hekker","00-0028872",64
"172","J.Hekker","00-0028872",45
"173","J.Hekker","00-0028872",50
"174","J.Scott","00-0034162",47
"175","E.Evans","00-0039059",49
"176","E.Evans","00-0039059",63
"177","E.Evans","00-0039059",46
"178","B.Gillikin","00-0035859",60
"179","E.Evans","00-0039059",57
"180","A.Cole","00-0035190",54
"181","A.Cole","00-0035190",40
"182","J.Stout","00-0038094",47
"183","A.Cole","00-0035190",34
"184","J.Stout","00-0038094",57
"185","J.Stout","00-0038094",45
"186","J.Stout","00-0038094",24
"187","M.Hayball","00-0039611",49
"188","B.Anger","00-0029692",53
"189","J.Gillan","00-0035042",27
"190","J.Gillan","00-0035042",60
"191","R.Stonehouse","00-0037607",49
"192","T.Morstead","00-0027114",50
"193","T.Morstead","00-0027114",45
"194","T.Morstead","00-0027114",57
"195","R.Stonehouse","00-0037607",63
"196","T.Morstead","00-0027114",49
"197","R.Stonehouse","00-0037607",0
"198","T.Morstead","00-0027114",53
"199","R.Stonehouse","00-0037607",59
"200","T.Morstead","00-0027114",48
"201","R.Stonehouse","00-0037607",55
"202","R.Dixon","00-0032943",53
"203","C.Waitman","00-0035821",53
"204","R.Dixon","00-0032943",52
"205","R.Dixon","00-0032943",51
"206","C.Waitman","00-0035821",51
"207","C.Waitman","00-0035821",58
"208","R.Dixon","00-0032943",47
"209","C.Waitman","00-0035821",49
"210","R.Dixon","00-0032943",58
"211","C.Waitman","00-0035821",52
"212","C.Waitman","00-0035821",51
"213","R.Dixon","00-0032943",54
"214","C.Waitman","00-0035821",56
"215","C.Waitman","00-0035821",54
"216","B.Baringer","00-0038610",56
"217","M.Dickson","00-0034160",53
"218","M.Dickson","00-0034160",58
"219","B.Baringer","00-0038610",64
"220","B.Baringer","00-0038610",56
"221","M.Dickson","00-0034160",57
"222","B.Baringer","00-0038610",67
"223","M.Dickson","00-0034160",40
"224","M.Dickson","00-0034160",61
"225","B.Baringer","00-0038610",54
"226","B.Baringer","00-0038610",45
"227","M.Wishnowsky","00-0034941",58
"228","R.Wright","00-0037500",52
"229","M.Wishnowsky","00-0034941",0
"230","R.Wright","00-0037500",43
"231","M.Wishnowsky","00-0034941",41
"232","R.Wright","00-0037500",56
"233","J.Camarda","00-0038042",47
"234","J.Fox","00-0035156",35
"235","J.Camarda","00-0038042",51
"236","J.Fox","00-0035156",32
"237","J.Camarda","00-0038042",42
"238","J.Camarda","00-0038042",47
"239","J.Camarda","00-0038042",43
"240","B.Anger","00-0029692",56
"241","J.Stout","00-0038094",55
"242","B.Anger","00-0029692",62
"243","J.Stout","00-0038094",36
"244","B.Anger","00-0029692",54
"245","B.Anger","00-0029692",37
"246","J.Stout","00-0038094",49
"247","J.Stout","00-0038094",31
"248","A.Cole","00-0035190",55
"249","J.Hekker","00-0028872",46
"250","J.Hekker","00-0028872",37
"251","A.Cole","00-0035190",47
"252","J.Hekker","00-0028872",43
"253","A.Cole","00-0035190",58
"254","A.Cole","00-0035190",55
"255","A.Cole","00-0035190",46
"256","J.Hekker","00-0028872",51
"257","R.Sanchez","00-0033269",44
"258","T.Taylor","00-0039745",36
"259","R.Sanchez","00-0033269",51
"260","T.Taylor","00-0039745",54
"261","R.Sanchez","00-0033269",51
"262","R.Sanchez","00-0033269",52
"263","T.Taylor","00-0039745",37
"264","R.Sanchez","00-0033269",47
"265","J.Camarda","00-0038042",67
"266","R.Dixon","00-0032943",49
"267","J.Camarda","00-0038042",33
"268","J.Camarda","00-0038042",42
"269","R.Dixon","00-0032943",47
"270","J.Camarda","00-0038042",47
"271","B.Gillikin","00-0035859",55
"272","J.Fox","00-0035156",68
"273","B.Gillikin","00-0035859",42
"274","J.Fox","00-0035156",61
"275","B.Gillikin","00-0035859",63
"276","B.Gillikin","00-0035859",47
"277","J.Fox","00-0035156",36
"278","J.Fox","00-0035156",36
"279","B.Gillikin","00-0035859",53
"280","J.Fox","00-0035156",46
"281","R.Stonehouse","00-0037607",36
"282","D.Whelan","00-0037547",45
"283","R.Stonehouse","00-0037607",42
"284","D.Whelan","00-0037547",51
"285","D.Whelan","00-0037547",33
"286","R.Stonehouse","00-0037607",52
"287","D.Whelan","00-0037547",63
"288","R.Stonehouse","00-0037607",57
"289","D.Whelan","00-0037547",52
"290","T.Townsend","00-0035889",52
"291","R.Wright","00-0037500",55
"292","T.Townsend","00-0035889",40
"293","R.Wright","00-0037500",43
"294","T.Townsend","00-0035889",40
"295","R.Wright","00-0037500",46
"296","T.Townsend","00-0035889",45
"297","R.Wright","00-0037500",49
"298","L.Cooke","00-0034437",59
"299","L.Cooke","00-0034437",50
"300","S.Martin","00-0030092",49
"301","B.Pinion","00-0032065",58
"302","B.Pinion","00-0032065",39
"303","M.Araiza","00-0037284",42
"304","B.Pinion","00-0032065",65
"305","M.Araiza","00-0037284",52
"306","M.Araiza","00-0037284",51
"307","J.Scott","00-0034162",47
"308","C.Waitman","00-0035821",52
"309","J.Scott","00-0034162",63
"310","C.Waitman","00-0035821",48
"311","C.Waitman","00-0035821",56
"312","J.Scott","00-0034162",46
"313","J.Scott","00-0034162",39
"314","J.Scott","00-0034162",55
"315","J.Scott","00-0034162",41
"316","J.Scott","00-0034162",59
"317","J.Bailey","00-0035280",51
"318","J.Bailey","00-0035280",39
"319","J.Bailey","00-0035280",39
"320","M.Dickson","00-0034160",61
"321","J.Bailey","00-0035280",46
"322","M.Dickson","00-0034160",44
"323","J.Bailey","00-0035280",49
"324","M.Dickson","00-0034160",41
"325","M.Dickson","00-0034160",49
"326","J.Bailey","00-0035280",53
"327","T.Morstead","00-0027114",43
"328","B.Baringer","00-0038610",57
"329","B.Baringer","00-0038610",50
"330","B.Baringer","00-0038610",51
"331","B.Baringer","00-0038610",36
"332","T.Morstead","00-0027114",37
"333","B.Baringer","00-0038610",51
"334","T.Morstead","00-0027114",42
"335","J.Gillan","00-0035042",56
"336","C.Bojorquez","00-0034721",49
"337","C.Bojorquez","00-0034721",64
"338","J.Gillan","00-0035042",51
"339","C.Bojorquez","00-0034721",48
"340","C.Bojorquez","00-0034721",57
"341","J.Gillan","00-0035042",47
"342","C.Bojorquez","00-0034721",47
"343","J.Gillan","00-0035042",57
"344","C.Bojorquez","00-0034721",41
"345","J.Gillan","00-0035042",43
"346","J.Gillan","00-0035042",67
"347","J.Gillan","00-0035042",40
"348","B.Mann","00-0036313",43
"349","M.Hayball","00-0039611",44
"350","M.Hayball","00-0039611",52
"351","M.Hayball","00-0039611",33
"352","M.Hayball","00-0039611",33
"353","B.Mann","00-0036313",0
"354","E.Evans","00-0039059",48
"355","E.Evans","00-0039059",38
"356","M.Wishnowsky","00-0034941",47
"357","E.Evans","00-0039059",41
"358","M.Wishnowsky","00-0034941",43
"359","S.Martin","00-0030092",37
"360","S.Martin","00-0030092",42
"361","S.Martin","00-0030092",59
"362","S.Martin","00-0030092",48
"363","J.Stout","00-0038094",46
"364","J.Stout","00-0038094",54
"365","S.Martin","00-0030092",52
"366","J.Stout","00-0038094",43
"367","S.Martin","00-0030092",51
"368","J.Stout","00-0038094",34
"369","R.Rehkow","00-0039323",57
"370","J.Hekker","00-0028872",47
"371","R.Rehkow","00-0039323",63
"372","R.Rehkow","00-0039323",50
"373","J.Hekker","00-0028872",55
"374","A.Cole","00-0035190",66
"375","C.Bojorquez","00-0034721",60
"376","C.Bojorquez","00-0034721",37
"377","C.Bojorquez","00-0034721",61
"378","A.Cole","00-0035190",54
"379","C.Bojorquez","00-0034721",74
"380","A.Cole","00-0035190",45
"381","C.Bojorquez","00-0034721",84
"382","A.Cole","00-0035190",67
"383","B.Anger","00-0029692",50
"384","B.Anger","00-0029692",60
"385","J.Gillan","00-0035042",44
"386","B.Anger","00-0029692",55
"387","R.Dixon","00-0032943",43
"388","T.Morstead","00-0027114",56
"389","R.Dixon","00-0032943",33
"390","T.Morstead","00-0027114",48
"391","R.Dixon","00-0032943",44
"392","T.Morstead","00-0027114",42
"393","R.Dixon","00-0032943",54
"394","T.Morstead","00-0027114",42
"395","R.Dixon","00-0032943",29
"396","T.Morstead","00-0027114",45
"397","R.Dixon","00-0032943",53
"398","R.Dixon","00-0032943",37
"399","T.Morstead","00-0027114",51
"400","T.Morstead","00-0027114",32
"401","R.Dixon","00-0032943",46
"402","L.Cooke","00-0034437",53
"403","T.Townsend","00-0035889",32
"404","L.Cooke","00-0034437",58
"405","T.Townsend","00-0035889",50
"406","L.Cooke","00-0034437",48
"407","T.Townsend","00-0035889",41
"408","T.Townsend","00-0035889",41
"409","T.Townsend","00-0035889",49
"410","L.Cooke","00-0034437",45
"411","T.Townsend","00-0035889",50
"412","L.Cooke","00-0034437",49
"413","M.Araiza","00-0037284",53
"414","J.Scott","00-0034162",48
"415","M.Araiza","00-0037284",50
"416","J.Scott","00-0034162",50
"417","M.Araiza","00-0037284",49
"418","J.Scott","00-0034162",50
"419","J.Scott","00-0034162",59
"420","M.Araiza","00-0037284",48
"421","J.Scott","00-0034162",56
"422","J.Scott","00-0034162",55
"423","T.Taylor","00-0039745",51
"424","T.Taylor","00-0039745",64
"425","T.Taylor","00-0039745",61
"426","T.Taylor","00-0039745",66
"427","E.Evans","00-0039059",67
"428","T.Taylor","00-0039745",35
"429","R.Wright","00-0037500",53
"430","R.Wright","00-0037500",41
"431","D.Whelan","00-0037547",74
"432","D.Whelan","00-0037547",46
"433","D.Whelan","00-0037547",60
"434","R.Wright","00-0037500",44
"435","R.Wright","00-0037500",47
"436","R.Wright","00-0037500",40
"437","B.Baringer","00-0038610",39
"438","B.Baringer","00-0038610",61
"439","M.Wishnowsky","00-0034941",42
"440","B.Baringer","00-0038610",40
"441","M.Wishnowsky","00-0034941",44
"442","B.Baringer","00-0038610",56
"443","M.Wishnowsky","00-0034941",47
"444","B.Pinion","00-0032065",46
"445","M.Hayball","00-0039611",32
"446","B.Pinion","00-0032065",41
"447","M.Hayball","00-0039611",40
"448","M.Hayball","00-0039611",48
"449","B.Pinion","00-0032065",45
"450","B.Mann","00-0036313",48
"451","B.Mann","00-0036313",55
"452","T.Gill","00-0037097",42
"453","B.Mann","00-0036313",70
"454","T.Gill","00-0037097",37
"455","B.Mann","00-0036313",47
"456","T.Gill","00-0037097",32
"457","B.Mann","00-0036313",62
"458","T.Gill","00-0037097",39
"459","C.Waitman","00-0035821",27
"460","C.Waitman","00-0035821",40
"461","R.Sanchez","00-0033269",36
"462","R.Sanchez","00-0033269",34
"463","C.Waitman","00-0035821",36
"464","R.Sanchez","00-0033269",42
"465","R.Sanchez","00-0033269",58
"466","J.Fox","00-0035156",50
"467","M.Dickson","00-0034160",43
"468","M.Dickson","00-0034160",36
"469","J.Fox","00-0035156",48
"470","J.Fox","00-0035156",42
"471","M.Dickson","00-0034160",54
"472","R.Stonehouse","00-0037607",42
"473","J.Bailey","00-0035280",47
"474","R.Stonehouse","00-0037607",46
"475","J.Bailey","00-0035280",57
"476","R.Stonehouse","00-0037607",22
"477","J.Bailey","00-0035280",30
"478","J.Bailey","00-0035280",53
"479","R.Stonehouse","00-0037607",64
"480","J.Bailey","00-0035280",51
"481","R.Stonehouse","00-0037607",35
"482","B.Gillikin","00-0035859",35
"483","B.Gillikin","00-0035859",43
"484","B.Gillikin","00-0035859",52
"485","T.Way","00-0030140",51
"486","B.Gillikin","00-0035859",62
"487","M.Wishnowsky","00-0034941",41
"488","B.Gillikin","00-0035859",46
"489","B.Gillikin","00-0035859",60
"490","R.Rehkow","00-0039323",45
"491","J.Stout","00-0038094",36
"492","J.Stout","00-0038094",65
"493","R.Rehkow","00-0039323",49
"494","R.Rehkow","00-0039323",66
"495","R.Rehkow","00-0039323",36
"496","J.Stout","00-0038094",67
"497","R.Rehkow","00-0039323",57
"498","S.Martin","00-0030092",55
"499","T.Townsend","00-0035889",40
"500","S.Martin","00-0030092",38
"501","S.Martin","00-0030092",63
"502","S.Martin","00-0030092",41
"503","T.Townsend","00-0035889",61
"504","S.Martin","00-0030092",59
"505","T.Townsend","00-0035889",33
"506","T.Townsend","00-0035889",41
"507","S.Martin","00-0030092",33
"508","S.Martin","00-0030092",56
"509","T.Townsend","00-0035889",46
"510","S.Martin","00-0030092",56
"511","J.Hekker","00-0028872",47
"512","T.Taylor","00-0039745",49
"513","J.Hekker","00-0028872",65
"514","J.Hekker","00-0028872",47
"515","T.Taylor","00-0039745",41
"516","T.Taylor","00-0039745",48
"517","J.Hekker","00-0028872",47
"518","T.Taylor","00-0039745",40
"519","T.Way","00-0030140",42
"520","C.Bojorquez","00-0034721",61
"521","C.Bojorquez","00-0034721",44
"522","C.Bojorquez","00-0034721",65
"523","T.Way","00-0030140",50
"524","C.Bojorquez","00-0034721",41
"525","C.Bojorquez","00-0034721",57
"526","C.Bojorquez","00-0034721",50
"527","C.Bojorquez","00-0034721",43
"528","T.Way","00-0030140",53
"529","T.Way","00-0030140",47
"530","B.Anger","00-0029692",45
"531","C.Waitman","00-0035821",48
"532","C.Waitman","00-0035821",46
"533","C.Waitman","00-0035821",34
"534","C.Waitman","00-0035821",47
"535","C.Waitman","00-0035821",47
"536","D.Whelan","00-0037547",41
"537","E.Evans","00-0039059",51
"538","D.Whelan","00-0037547",37
"539","D.Whelan","00-0037547",39
"540","E.Evans","00-0039059",34
"541","E.Evans","00-0039059",44
"542","D.Whelan","00-0037547",41
"543","D.Whelan","00-0037547",28
"544","R.Sanchez","00-0033269",41
"545","R.Sanchez","00-0033269",60
"546","L.Cooke","00-0034437",44
"547","R.Sanchez","00-0033269",44
"548","R.Sanchez","00-0033269",65
"549","L.Cooke","00-0034437",58
"550","R.Dixon","00-0032943",43
"551","A.Cole","00-0035190",61
"552","R.Dixon","00-0032943",35
"553","A.Cole","00-0035190",39
"554","R.Dixon","00-0032943",53
"555","A.Cole","00-0035190",47
"556","R.Dixon","00-0032943",49
"557","A.Cole","00-0035190",60
"558","R.Dixon","00-0032943",45
"559","A.Cole","00-0035190",60
"560","R.Dixon","00-0032943",34
"561","B.Baringer","00-0038610",53
"562","B.Baringer","00-0038610",69
"563","J.Bailey","00-0035280",0
"564","J.Bailey","00-0035280",42
"565","B.Baringer","00-0038610",43
"566","B.Baringer","00-0038610",53
"567","B.Baringer","00-0038610",49
"568","B.Baringer","00-0038610",43
"569","J.Bailey","00-0035280",46
"570","M.Hayball","00-0039611",49
"571","M.Araiza","00-0037284",56
"572","M.Hayball","00-0039611",53
"573","M.Hayball","00-0039611",49
"574","M.Hayball","00-0039611",48
"575","M.Dickson","00-0034160",50
"576","J.Gillan","00-0035042",46
"577","M.Dickson","00-0034160",55
"578","M.Dickson","00-0034160",40
"579","J.Gillan","00-0035042",36
"580","M.Dickson","00-0034160",48
"581","J.Gillan","00-0035042",59
"582","J.Gillan","00-0035042",45
"583","T.Morstead","00-0027114",53
"584","T.Morstead","00-0027114",44
"585","T.Morstead","00-0027114",56
"586","R.Wright","00-0037500",58
"587","R.Wright","00-0037500",43
"588","T.Morstead","00-0027114",55
"589","R.Wright","00-0037500",45
"590","R.Wright","00-0037500",39
"591","T.Morstead","00-0027114",39
"592","T.Morstead","00-0027114",48
"593","B.Pinion","00-0032065",35
"594","T.Gill","00-0037097",45
"595","T.Gill","00-0037097",42
"596","D.Whelan","00-0037547",46
"597","B.Gillikin","00-0035859",58
"598","B.Gillikin","00-0035859",44
"599","B.Gillikin","00-0035859",55
"600","B.Gillikin","00-0035859",54
"601","J.Hekker","00-0028872",47
"602","B.Pinion","00-0032065",52
"603","J.Hekker","00-0028872",58
"604","J.Hekker","00-0028872",15
"605","S.Martin","00-0030092",62
"606","T.Morstead","00-0027114",45
"607","T.Morstead","00-0027114",51
"608","S.Martin","00-0030092",40
"609","S.Martin","00-0030092",57
"610","M.Haack","00-0033400",47
"611","R.Rehkow","00-0039323",55
"612","R.Rehkow","00-0039323",32
"613","M.Haack","00-0033400",55
"614","R.Rehkow","00-0039323",55
"615","M.Haack","00-0033400",43
"616","R.Rehkow","00-0039323",46
"617","M.Haack","00-0033400",42
"618","R.Rehkow","00-0039323",57
"619","R.Rehkow","00-0039323",33
"620","B.Mann","00-0036313",55
"621","C.Bojorquez","00-0034721",44
"622","B.Mann","00-0036313",44
"623","C.Bojorquez","00-0034721",60
"624","C.Bojorquez","00-0034721",55
"625","B.Mann","00-0036313",47
"626","C.Bojorquez","00-0034721",64
"627","B.Anger","00-0029692",38
"628","B.Anger","00-0029692",55
"629","B.Baringer","00-0038610",40
"630","B.Baringer","00-0038610",48
"631","B.Baringer","00-0038610",43
"632","T.Townsend","00-0035889",65
"633","B.Baringer","00-0038610",54
"634","T.Townsend","00-0035889",46
"635","B.Baringer","00-0038610",58
"636","T.Townsend","00-0035889",35
"637","B.Baringer","00-0038610",56
"638","T.Townsend","00-0035889",39
"639","R.Stonehouse","00-0037607",47
"640","R.Sanchez","00-0033269",49
"641","R.Sanchez","00-0033269",60
"642","R.Stonehouse","00-0037607",58
"643","R.Stonehouse","00-0037607",51
"644","R.Stonehouse","00-0037607",58
"645","R.Sanchez","00-0033269",51
"646","R.Sanchez","00-0033269",54
"647","R.Stonehouse","00-0037607",75
"648","R.Sanchez","00-0033269",57
"649","T.Taylor","00-0039745",64
"650","T.Taylor","00-0039745",59
"651","L.Cooke","00-0034437",43
"652","L.Cooke","00-0034437",46
"653","L.Cooke","00-0034437",48
"654","L.Cooke","00-0034437",56
"655","R.Dixon","00-0032943",45
"656","R.Dixon","00-0032943",46
"657","R.Dixon","00-0032943",54
"658","J.Scott","00-0034162",40
"659","R.Dixon","00-0032943",45
"660","R.Dixon","00-0032943",43
"661","J.Scott","00-0034162",37
"662","J.Scott","00-0034162",43
"663","J.Scott","00-0034162",39
"664","C.Waitman","00-0035821",47
"665","A.Cole","00-0035190",43
"666","A.Cole","00-0035190",61
"667","C.Waitman","00-0035821",47
"668","A.Cole","00-0035190",0
"669","A.Cole","00-0035190",66
"670","C.Waitman","00-0035821",43
"671","M.Dickson","00-0034160",62
"672","M.Wishnowsky","00-0034941",43
"673","M.Dickson","00-0034160",39
"674","M.Dickson","00-0034160",57
"675","M.Wishnowsky","00-0034941",44
"676","M.Wishnowsky","00-0034941",49
"677","M.Dickson","00-0034160",58
"678","M.Wishnowsky","00-0034941",37
"679","M.Hayball","00-0039611",42
"680","J.Camarda","00-0038042",47
"681","M.Hayball","00-0039611",35
"682","M.Hayball","00-0039611",42
"683","J.Camarda","00-0038042",41
"684","M.Hayball","00-0039611",48
"685","M.Hayball","00-0039611",41
"686","J.Camarda","00-0038042",44
"687","M.Hayball","00-0039611",58
"688","T.Way","00-0030140",54
"689","J.Stout","00-0038094",50
"690","T.Way","00-0030140",35
"691","T.Way","00-0030140",38
"692","J.Stout","00-0038094",57
"693","T.Gill","00-0037097",41
"694","T.Gill","00-0037097",52
"695","J.Stout","00-0038094",30
"696","J.Hekker","00-0028872",49
"697","T.Way","00-0030140",40
"698","J.Hekker","00-0028872",62
"699","J.Hekker","00-0028872",51
"700","J.Hekker","00-0028872",43
"701","J.Hekker","00-0028872",47
"702","C.Bojorquez","00-0034721",47
"703","R.Rehkow","00-0039323",47
"704","C.Bojorquez","00-0034721",48
"705","R.Rehkow","00-0039323",46
"706","C.Bojorquez","00-0034721",58
"707","R.Rehkow","00-0039323",45
"708","C.Bojorquez","00-0034721",47
"709","R.Rehkow","00-0039323",48
"710","R.Rehkow","00-0039323",38
"711","R.Rehkow","00-0039323",29
"712","C.Bojorquez","00-0034721",49
"713","C.Bojorquez","00-0034721",55
"714","R.Rehkow","00-0039323",58
"715","C.Bojorquez","00-0034721",51
"716","R.Rehkow","00-0039323",43
"717","R.Dixon","00-0032943",33
"718","M.Hayball","00-0039611",52
"719","M.Hayball","00-0039611",42
"720","M.Hayball","00-0039611",45
"721","M.Hayball","00-0039611",40
"722","M.Hayball","00-0039611",43
"723","R.Dixon","00-0032943",50
"724","M.Hayball","00-0039611",45
"725","R.Dixon","00-0032943",46
"726","J.Fox","00-0035156",63
"727","J.Fox","00-0035156",55
"728","R.Wright","00-0037500",60
"729","R.Wright","00-0037500",34
"730","J.Fox","00-0035156",38
"731","J.Fox","00-0035156",63
"732","R.Wright","00-0037500",51
"733","D.Whelan","00-0037547",47
"734","T.Townsend","00-0035889",36
"735","T.Townsend","00-0035889",58
"736","D.Whelan","00-0037547",51
"737","T.Townsend","00-0035889",52
"738","T.Townsend","00-0035889",66
"739","D.Whelan","00-0037547",59
"740","T.Townsend","00-0035889",38
"741","D.Whelan","00-0037547",66
"742","T.Townsend","00-0035889",57
"743","D.Whelan","00-0037547",61
"744","M.Wishnowsky","00-0034941",50
"745","M.Wishnowsky","00-0034941",51
"746","M.Araiza","00-0037284",48
"747","M.Wishnowsky","00-0034941",47
"748","M.Wishnowsky","00-0034941",45
"749","M.Araiza","00-0037284",64
"750","M.Araiza","00-0037284",67
"751","B.Gillikin","00-0035859",54
"752","B.Gillikin","00-0035859",36
"753","J.Scott","00-0034162",36
"754","B.Gillikin","00-0035859",44
"755","J.Scott","00-0034162",39
"756","B.Gillikin","00-0035859",44
"757","A.Cole","00-0035190",40
"758","E.Evans","00-0039059",45
"759","A.Cole","00-0035190",46
"760","E.Evans","00-0039059",41
"761","A.Cole","00-0035190",48
"762","E.Evans","00-0039059",43
"763","E.Evans","00-0039059",52
"764","A.Cole","00-0035190",56
"765","E.Evans","00-0039059",44
"766","E.Evans","00-0039059",36
"767","R.Sanchez","00-0033269",48
"768","J.Bailey","00-0035280",59
"769","R.Sanchez","00-0033269",48
"770","J.Bailey","00-0035280",33
"771","R.Sanchez","00-0033269",45
"772","J.Bailey","00-0035280",39
"773","R.Sanchez","00-0033269",55
"774","J.Bailey","00-0035280",40
"775","R.Sanchez","00-0033269",42
"776","J.Bailey","00-0035280",56
"777","R.Sanchez","00-0033269",48
"778","R.Sanchez","00-0033269",51
"779","J.Bailey","00-0035280",59
"780","L.Cooke","00-0034437",38
"781","B.Baringer","00-0038610",40
"782","B.Baringer","00-0038610",66
"783","B.Baringer","00-0038610",57
"784","B.Baringer","00-0038610",46
"785","L.Cooke","00-0034437",32
"786","T.Morstead","00-0027114",47
"787","C.Waitman","00-0035821",43
"788","C.Waitman","00-0035821",55
"789","T.Morstead","00-0027114",46
"790","C.Waitman","00-0035821",51
"791","T.Morstead","00-0027114",47
"792","C.Waitman","00-0035821",35
"793","T.Morstead","00-0027114",37
"794","M.Haack","00-0033400",29
"795","B.Mann","00-0036313",67
"796","M.Haack","00-0033400",47
"797","B.Mann","00-0036313",45
"798","M.Haack","00-0033400",58
"799","B.Mann","00-0036313",46
"800","M.Haack","00-0033400",34
"801","M.Haack","00-0033400",64
"802","M.Haack","00-0033400",46
"803","B.Mann","00-0036313",58
"804","B.Mann","00-0036313",55
"805","M.Haack","00-0033400",50
"806","M.Haack","00-0033400",41
"807","M.Haack","00-0033400",37
"808","B.Mann","00-0036313",47
"809","M.Haack","00-0033400",56
"810","B.Mann","00-0036313",43
"811","M.Haack","00-0033400",55
"812","B.Mann","00-0036313",58
"813","B.Pinion","00-0032065",41
"814","M.Dickson","00-0034160",37
"815","M.Dickson","00-0034160",36
"816","B.Pinion","00-0032065",45
"817","B.Pinion","00-0032065",47
"818","M.Dickson","00-0034160",41
"819","M.Dickson","00-0034160",42
"820","S.Martin","00-0030092",46
"821","R.Stonehouse","00-0037607",60
"822","S.Martin","00-0030092",41
"823","S.Martin","00-0030092",39
"824","S.Martin","00-0030092",44
"825","R.Stonehouse","00-0037607",62
"826","S.Martin","00-0030092",27
"827","R.Stonehouse","00-0037607",43
"828","R.Stonehouse","00-0037607",53
"829","R.Stonehouse","00-0037607",48
"830","B.Gillikin","00-0035859",60
"831","J.Bailey","00-0035280",56
"832","B.Gillikin","00-0035859",41
"833","B.Gillikin","00-0035859",59
"834","J.Bailey","00-0035280",36
"835","B.Pinion","00-0032065",37
"836","T.Gill","00-0037097",42
"837","B.Pinion","00-0032065",45
"838","B.Pinion","00-0032065",46
"839","C.Bojorquez","00-0034721",36
"840","J.Stout","00-0038094",60
"841","J.Stout","00-0038094",55
"842","J.Stout","00-0038094",30
"843","C.Bojorquez","00-0034721",58
"844","C.Bojorquez","00-0034721",52
"845","J.Stout","00-0038094",64
"846","M.Dickson","00-0034160",61
"847","M.Dickson","00-0034160",68
"848","S.Martin","00-0030092",49
"849","M.Dickson","00-0034160",58
"850","S.Martin","00-0030092",58
"851","M.Dickson","00-0034160",58
"852","S.Martin","00-0030092",40
"853","R.Dixon","00-0032943",40
"854","J.Hekker","00-0028872",50
"855","J.Hekker","00-0028872",53
"856","J.Hekker","00-0028872",44
"857","J.Hekker","00-0028872",50
"858","R.Dixon","00-0032943",60
"859","R.Dixon","00-0032943",53
"860","J.Hekker","00-0028872",50
"861","T.Taylor","00-0039745",68
"862","T.Taylor","00-0039745",32
"863","T.Taylor","00-0039745",52
"864","T.Way","00-0030140",39
"865","T.Taylor","00-0039745",32
"866","T.Way","00-0030140",35
"867","T.Taylor","00-0039745",49
"868","T.Taylor","00-0039745",53
"869","T.Way","00-0030140",49
"870","T.Taylor","00-0039745",55
"871","T.Way","00-0030140",34
"872","T.Way","00-0030140",57
"873","B.Anger","00-0029692",52
"874","M.Wishnowsky","00-0034941",44
"875","B.Anger","00-0029692",43
"876","M.Wishnowsky","00-0034941",45
"877","B.Anger","00-0029692",59
"878","B.Anger","00-0029692",40
"879","M.Wishnowsky","00-0034941",44
"880","M.Wishnowsky","00-0034941",39
"881","D.Whelan","00-0037547",45
"882","L.Cooke","00-0034437",73
"883","D.Whelan","00-0037547",43
"884","L.Cooke","00-0034437",40
"885","L.Cooke","00-0034437",63
"886","L.Cooke","00-0034437",62
"887","D.Whelan","00-0037547",53
"888","L.Cooke","00-0034437",60
"889","D.Whelan","00-0037547",37
"890","D.Whelan","00-0037547",63
"891","T.Townsend","00-0035889",32
"892","R.Sanchez","00-0033269",43
"893","T.Townsend","00-0035889",53
"894","R.Sanchez","00-0033269",49
"895","T.Townsend","00-0035889",47
"896","R.Sanchez","00-0033269",54
"897","T.Townsend","00-0035889",39
"898","R.Sanchez","00-0033269",57
"899","T.Townsend","00-0035889",45
"900","R.Sanchez","00-0033269",33
"901","R.Sanchez","00-0033269",47
"902","T.Townsend","00-0035889",41
"903","M.Araiza","00-0037284",42
"904","A.Cole","00-0035190",68
"905","A.Cole","00-0035190",60
"906","M.Araiza","00-0037284",51
"907","R.Wright","00-0037500",61
"908","E.Evans","00-0039059",42
"909","R.Wright","00-0037500",53
"910","E.Evans","00-0039059",45
"911","R.Wright","00-0037500",37
"912","E.Evans","00-0039059",41
"913","J.Scott","00-0034162",59
"914","M.Hayball","00-0039611",47
"915","M.Hayball","00-0039611",49
"916","J.Scott","00-0034162",47
"917","M.Hayball","00-0039611",46
"918","M.Hayball","00-0039611",58
"919","J.Scott","00-0034162",63
"920","M.Hayball","00-0039611",44
"921","M.Hayball","00-0039611",43
"922","J.Scott","00-0034162",54
"923","M.Hayball","00-0039611",59
"924","M.Hayball","00-0039611",45
"925","J.Scott","00-0034162",54
"926","M.Hayball","00-0039611",46
"927","J.Scott","00-0034162",67
"928","M.Haack","00-0033400",45
"929","C.Waitman","00-0035821",40
"930","M.Haack","00-0033400",27
"931","C.Waitman","00-0035821",55
"932","M.Haack","00-0033400",54
"933","M.Haack","00-0033400",66
"934","C.Waitman","00-0035821",36
"935","B.Baringer","00-0038610",52
"936","T.Morstead","00-0027114",34
"937","B.Baringer","00-0038610",30
"938","B.Baringer","00-0038610",50
"939","T.Morstead","00-0027114",40
"940","T.Morstead","00-0027114",52
"941","B.Baringer","00-0038610",49
"942","T.Morstead","00-0027114",51
"943","B.Baringer","00-0038610",55
"944","B.Mann","00-0036313",52
"945","J.Fox","00-0035156",57
"946","R.Stonehouse","00-0037607",45
"947","J.Fox","00-0035156",67
"948","R.Stonehouse","00-0037607",37
"949","R.Stonehouse","00-0037607",56
"950","R.Stonehouse","00-0037607",49
"951","J.Fox","00-0035156",63
"952","R.Stonehouse","00-0037607",62
"953","J.Fox","00-0035156",62
"954","R.Stonehouse","00-0037607",47
"955","J.Fox","00-0035156",56
"956","B.Gillikin","00-0035859",51
"957","T.Taylor","00-0039745",39
"958","B.Gillikin","00-0035859",55
"959","T.Taylor","00-0039745",50
"960","T.Taylor","00-0039745",62
"961","T.Taylor","00-0039745",67
"962","B.Gillikin","00-0035859",45
"963","B.Gillikin","00-0035859",36
"964","B.Pinion","00-0032065",43
"965","B.Anger","00-0029692",41
"966","B.Pinion","00-0032065",62
"967","B.Anger","00-0029692",53
"968","B.Pinion","00-0032065",32
"969","B.Anger","00-0029692",45
"970","B.Pinion","00-0032065",55
"971","B.Pinion","00-0032065",53
"972","J.Stout","00-0038094",40
"973","R.Dixon","00-0032943",50
"974","R.Dixon","00-0032943",46
"975","J.Stout","00-0038094",58
"976","D.Whelan","00-0037547",33
"977","J.Fox","00-0035156",54
"978","D.Whelan","00-0037547",51
"979","J.Fox","00-0035156",60
"980","J.Fox","00-0035156",44
"981","J.Fox","00-0035156",41
"982","T.Townsend","00-0035889",46
"983","T.Morstead","00-0027114",51
"984","T.Morstead","00-0027114",56
"985","T.Townsend","00-0035889",52
"986","T.Townsend","00-0035889",56
"987","T.Morstead","00-0027114",75
"988","T.Morstead","00-0027114",38
"989","T.Morstead","00-0027114",54
"990","R.Sanchez","00-0033269",54
"991","R.Wright","00-0037500",44
"992","R.Sanchez","00-0033269",50
"993","R.Sanchez","00-0033269",44
"994","R.Wright","00-0037500",39
"995","B.Mann","00-0036313",42
"996","L.Cooke","00-0034437",46
"997","B.Mann","00-0036313",54
"998","L.Cooke","00-0034437",47
"999","L.Cooke","00-0034437",49
"1000","B.Mann","00-0036313",50
"1001","L.Cooke","00-0034437",56
"1002","L.Cooke","00-0034437",40
"1003","J.Scott","00-0034162",43
"1004","C.Bojorquez","00-0034721",62
"1005","C.Bojorquez","00-0034721",60
"1006","J.Scott","00-0034162",48
"1007","C.Bojorquez","00-0034721",40
"1008","J.Scott","00-0034162",53
"1009","C.Bojorquez","00-0034721",53
"1010","C.Bojorquez","00-0034721",60
"1011","J.Scott","00-0034162",34
"1012","C.Bojorquez","00-0034721",43
"1013","J.Scott","00-0034162",51
"1014","J.Scott","00-0034162",46
"1015","J.Scott","00-0034162",55
"1016","M.Dickson","00-0034160",29
"1017","T.Zentner","00-0038490",53
"1018","T.Zentner","00-0038490",25
"1019","M.Dickson","00-0034160",50
"1020","T.Zentner","00-0038490",36
"1021","M.Dickson","00-0034160",51
"1022","T.Zentner","00-0038490",37
"1023","M.Dickson","00-0034160",62
"1024","M.Dickson","00-0034160",44
"1025","M.Dickson","00-0034160",45
"1026","T.Zentner","00-0038490",0
"1027","T.Zentner","00-0038490",50
"1028","M.Dickson","00-0034160",49
"1029","T.Zentner","00-0038490",44
"1030","T.Zentner","00-0038490",36
"1031","A.Cole","00-0035190",42
"1032","A.Cole","00-0035190",48
"1033","A.Cole","00-0035190",58
"1034","R.Rehkow","00-0039323",52
"1035","A.Cole","00-0035190",62
"1036","R.Rehkow","00-0039323",65
"1037","A.Cole","00-0035190",70
"1038","R.Rehkow","00-0039323",58
"1039","S.Martin","00-0030092",49
"1040","J.Bailey","00-0035280",37
"1041","R.Stonehouse","00-0037607",42
"1042","B.Baringer","00-0038610",49
"1043","R.Stonehouse","00-0037607",53
"1044","R.Stonehouse","00-0037607",36
"1045","B.Baringer","00-0038610",15
"1046","B.Baringer","00-0038610",45
"1047","R.Stonehouse","00-0037607",44
"1048","B.Baringer","00-0038610",60
"1049","R.Stonehouse","00-0037607",58
"1050","J.Hekker","00-0028872",44
"1051","J.Hekker","00-0028872",37
"1052","M.Hayball","00-0039611",30
"1053","J.Hekker","00-0028872",35
"1054","M.Hayball","00-0039611",46
"1055","J.Hekker","00-0028872",48
"1056","M.Hayball","00-0039611",43
"1057","J.Hekker","00-0028872",52
"1058","M.Hayball","00-0039611",50
"1059","M.Araiza","00-0037284",35
"1060","T.Gill","00-0037097",56
"1061","T.Gill","00-0037097",57
"1062","T.Gill","00-0037097",32
"1063","M.Araiza","00-0037284",49
"1064","T.Gill","00-0037097",40
"1065","T.Gill","00-0037097",31
"1066","M.Araiza","00-0037284",47
"1067","M.Araiza","00-0037284",40
"1068","M.Haack","00-0033400",32
"1069","T.Way","00-0030140",56
"1070","M.Haack","00-0033400",60
"1071","T.Way","00-0030140",53
"1072","B.Pinion","00-0032065",45
"1073","B.Pinion","00-0032065",42
"1074","M.Hayball","00-0039611",42
"1075","M.Hayball","00-0039611",46
"1076","B.Pinion","00-0032065",57
"1077","M.Hayball","00-0039611",43
"1078","M.Hayball","00-0039611",51
"1079","M.Hayball","00-0039611",42
"1080","S.Martin","00-0030092",48
"1081","R.Sanchez","00-0033269",55
"1082","R.Sanchez","00-0033269",53
"1083","S.Martin","00-0030092",61
"1084","J.Stout","00-0038094",54
"1085","R.Rehkow","00-0039323",46
"1086","J.Stout","00-0038094",46
"1087","R.Rehkow","00-0039323",46
"1088","J.Stout","00-0038094",48
"1089","J.Stout","00-0038094",35
"1090","J.Stout","00-0038094",48
"1091","R.Rehkow","00-0039323",32
"1092","R.Dixon","00-0032943",57
"1093","M.Araiza","00-0037284",55
"1094","R.Dixon","00-0032943",56
"1095","M.Araiza","00-0037284",53
"1096","M.Araiza","00-0037284",64
"1097","R.Dixon","00-0032943",30
"1098","R.Dixon","00-0032943",54
"1099","M.Araiza","00-0037284",41
"1100","R.Dixon","00-0032943",39
"1101","J.Fox","00-0035156",40
"1102","J.Fox","00-0035156",46
"1103","T.Townsend","00-0035889",62
"1104","J.Fox","00-0035156",60
"1105","T.Townsend","00-0035889",56
"1106","T.Townsend","00-0035889",54
"1107","J.Fox","00-0035156",42
"1108","T.Townsend","00-0035889",54
"1109","T.Townsend","00-0035889",49
"1110","E.Evans","00-0039059",47
"1111","J.Bailey","00-0035280",48
"1112","E.Evans","00-0039059",51
"1113","J.Bailey","00-0035280",35
"1114","E.Evans","00-0039059",50
"1115","J.Bailey","00-0035280",51
"1116","L.Cooke","00-0034437",68
"1117","L.Cooke","00-0034437",52
"1118","L.Cooke","00-0034437",39
"1119","R.Wright","00-0037500",43
"1120","L.Cooke","00-0034437",55
"1121","L.Cooke","00-0034437",60
"1122","R.Wright","00-0037500",29
"1123","B.Baringer","00-0038610",49
"1124","T.Taylor","00-0039745",13
"1125","T.Taylor","00-0039745",39
"1126","T.Taylor","00-0039745",35
"1127","B.Baringer","00-0038610",50
"1128","T.Taylor","00-0039745",48
"1129","T.Taylor","00-0039745",36
"1130","B.Baringer","00-0038610",61
"1131","T.Taylor","00-0039745",52
"1132","B.Baringer","00-0038610",75
"1133","T.Taylor","00-0039745",50
"1134","B.Baringer","00-0038610",50
"1135","T.Taylor","00-0039745",62
"1136","J.Hekker","00-0028872",49
"1137","J.Gillan","00-0035042",33
"1138","J.Gillan","00-0035042",42
"1139","J.Hekker","00-0028872",43
"1140","J.Gillan","00-0035042",46
"1141","J.Hekker","00-0028872",55
"1142","J.Hekker","00-0028872",43
"1143","J.Gillan","00-0035042",42
"1144","J.Hekker","00-0028872",46
"1145","J.Hekker","00-0028872",54
"1146","J.Gillan","00-0035042",41
"1147","J.Hekker","00-0028872",47
"1148","T.Morstead","00-0027114",47
"1149","T.Morstead","00-0027114",46
"1150","B.Gillikin","00-0035859",40
"1151","B.Anger","00-0029692",37
"1152","B.Mann","00-0036313",55
"1153","B.Anger","00-0029692",59
"1154","B.Mann","00-0036313",55
"1155","B.Anger","00-0029692",57
"1156","B.Mann","00-0036313",51
"1157","B.Anger","00-0029692",54
"1158","B.Anger","00-0029692",53
"1159","B.Mann","00-0036313",47
"1160","B.Anger","00-0029692",44
"1161","C.Waitman","00-0035821",51
"1162","T.Way","00-0030140",47
"1163","T.Way","00-0030140",53
"1164","C.Waitman","00-0035821",39
"1165","T.Way","00-0030140",74
"1166","C.Waitman","00-0035821",41
"1167","C.Waitman","00-0035821",47
"1168","T.Way","00-0030140",47
"1169","C.Waitman","00-0035821",34
"1170","T.Way","00-0030140",49
"1171","T.Way","00-0030140",60
"1172","M.Wishnowsky","00-0034941",35
"1173","T.Gill","00-0037097",46
"1174","T.Gill","00-0037097",41
"1175","T.Gill","00-0037097",48
"1176","T.Gill","00-0037097",44
"1177","T.Gill","00-0037097",50
"1178","T.Gill","00-0037097",44
"1179","J.Scott","00-0034162",47
"1180","R.Stonehouse","00-0037607",56
"1181","R.Stonehouse","00-0037607",52
"1182","J.Scott","00-0034162",29
"1183","R.Stonehouse","00-0037607",58
"1184","R.Stonehouse","00-0037607",48
"1185","J.Scott","00-0034162",40
"1186","R.Dixon","00-0032943",51
"1187","B.Pinion","00-0032065",59
"1188","B.Pinion","00-0032065",49
"1189","R.Dixon","00-0032943",37
"1190","B.Pinion","00-0032065",46
"1191","B.Pinion","00-0032065",51
"1192","B.Pinion","00-0032065",45
"1193","R.Dixon","00-0032943",47
"1194","J.Stout","00-0038094",70
"1195","C.Waitman","00-0035821",51
"1196","C.Waitman","00-0035821",52
"1197","J.Stout","00-0038094",37
"1198","J.Stout","00-0038094",49
"1199","C.Waitman","00-0035821",71
"1200","C.Waitman","00-0035821",52
"1201","J.Stout","00-0038094",61
"1202","R.Rehkow","00-0039323",38
"1203","J.Scott","00-0034162",53
"1204","R.Rehkow","00-0039323",33
"1205","R.Rehkow","00-0039323",52
"1206","J.Scott","00-0034162",58
"1207","R.Rehkow","00-0039323",63
"1208","J.Scott","00-0034162",32
"1209","J.Scott","00-0034162",39
"1210","J.Scott","00-0034162",55
"1211","J.Scott","00-0034162",43
"1212","R.Rehkow","00-0039323",64
"1213","C.Bojorquez","00-0034721",40
"1214","M.Hayball","00-0039611",33
"1215","C.Bojorquez","00-0034721",43
"1216","M.Hayball","00-0039611",34
"1217","M.Hayball","00-0039611",43
"1218","C.Bojorquez","00-0034721",52
"1219","C.Bojorquez","00-0034721",49
"1220","C.Bojorquez","00-0034721",44
"1221","D.Whelan","00-0037547",47
"1222","T.Taylor","00-0039745",35
"1223","T.Taylor","00-0039745",48
"1224","T.Townsend","00-0035889",51
"1225","T.Townsend","00-0035889",52
"1226","B.Anger","00-0029692",40
"1227","T.Townsend","00-0035889",59
"1228","B.Anger","00-0029692",42
"1229","T.Townsend","00-0035889",48
"1230","T.Morstead","00-0027114",63
"1231","T.Morstead","00-0027114",54
"1232","R.Sanchez","00-0033269",53
"1233","T.Morstead","00-0027114",59
"1234","T.Morstead","00-0027114",52
"1235","R.Sanchez","00-0033269",46
"1236","T.Morstead","00-0027114",49
"1237","R.Sanchez","00-0033269",43
"1238","R.Sanchez","00-0033269",58
"1239","L.Cooke","00-0034437",55
"1240","L.Cooke","00-0034437",56
"1241","L.Cooke","00-0034437",43
"1242","L.Cooke","00-0034437",52
"1243","L.Cooke","00-0034437",61
"1244","M.Araiza","00-0037284",46
"1245","S.Martin","00-0030092",35
"1246","M.Araiza","00-0037284",45
"1247","S.Martin","00-0030092",47
"1248","M.Araiza","00-0037284",58
"1249","S.Martin","00-0030092",44
"1250","M.Araiza","00-0037284",44
"1251","B.Baringer","00-0038610",32
"1252","E.Evans","00-0039059",20
"1253","E.Evans","00-0039059",38
"1254","B.Baringer","00-0038610",42
"1255","E.Evans","00-0039059",50
"1256","E.Evans","00-0039059",30
"1257","A.Cole","00-0035190",54
"1258","R.Stonehouse","00-0037607",32
"1259","R.Stonehouse","00-0037607",50
"1260","R.Stonehouse","00-0037607",51
"1261","R.Stonehouse","00-0037607",62
"1262","R.Wright","00-0037500",66
"1263","R.Stonehouse","00-0037607",46
"1264","R.Wright","00-0037500",47
"1265","R.Wright","00-0037500",40
"1266","R.Wright","00-0037500",29
"1267","R.Wright","00-0037500",40
"1268","P.O'Donnell","00-0031079",43
"1269","M.Dickson","00-0034160",53
"1270","P.O'Donnell","00-0031079",38
"1271","M.Dickson","00-0034160",44
"1272","P.O'Donnell","00-0031079",42
"1273","T.Way","00-0030140",51
"1274","B.Mann","00-0036313",38
"1275","B.Mann","00-0036313",51
"1276","T.Way","00-0030140",44
"1277","T.Way","00-0030140",39
"1278","B.Mann","00-0036313",44
"1279","T.Way","00-0030140",36
"1280","T.Way","00-0030140",51
"1281","B.Gillikin","00-0035859",51
"1282","M.Dickson","00-0034160",51
"1283","B.Gillikin","00-0035859",58
"1284","M.Dickson","00-0034160",52
"1285","B.Gillikin","00-0035859",44
"1286","M.Dickson","00-0034160",41
"1287","M.Dickson","00-0034160",36
"1288","B.Gillikin","00-0035859",54
"1289","B.Gillikin","00-0035859",49
"1290","M.Dickson","00-0034160",38
"1291","B.Gillikin","00-0035859",54
"1292","J.Stout","00-0038094",57
"1293","J.Scott","00-0034162",43
"1294","J.Stout","00-0038094",62
"1295","J.Scott","00-0034162",45
"1296","J.Scott","00-0034162",38
"1297","J.Scott","00-0034162",39
"1298","J.Stout","00-0038094",44
"1299","T.Way","00-0030140",38
"1300","B.Anger","00-0029692",56
"1301","T.Way","00-0030140",39
"1302","B.Anger","00-0029692",23
"1303","B.Anger","00-0029692",32
"1304","T.Way","00-0030140",41
"1305","T.Way","00-0030140",51
"1306","B.Anger","00-0029692",43
"1307","T.Way","00-0030140",39
"1308","B.Anger","00-0029692",48
"1309","T.Way","00-0030140",39
"1310","B.Anger","00-0029692",36
"1311","A.Cole","00-0035190",31
"1312","R.Dixon","00-0032943",43
"1313","A.Cole","00-0035190",60
"1314","R.Dixon","00-0032943",52
"1315","A.Cole","00-0035190",42
"1316","R.Dixon","00-0032943",43
"1317","A.Cole","00-0035190",57
"1318","R.Dixon","00-0032943",54
"1319","J.Fox","00-0035156",34
"1320","R.Sanchez","00-0033269",62
"1321","R.Sanchez","00-0033269",40
"1322","J.Fox","00-0035156",58
"1323","R.Sanchez","00-0033269",57
"1324","R.Sanchez","00-0033269",49
"1325","J.Fox","00-0035156",60
"1326","R.Sanchez","00-0033269",52
"1327","J.Fox","00-0035156",40
"1328","R.Sanchez","00-0033269",57
"1329","J.Hekker","00-0028872",55
"1330","M.Araiza","00-0037284",46
"1331","J.Hekker","00-0028872",48
"1332","M.Araiza","00-0037284",48
"1333","T.Taylor","00-0039745",52
"1334","T.Taylor","00-0039745",49
"1335","R.Wright","00-0037500",46
"1336","T.Taylor","00-0039745",54
"1337","R.Wright","00-0037500",44
"1338","R.Wright","00-0037500",41
"1339","T.Taylor","00-0039745",42
"1340","R.Wright","00-0037500",36
"1341","T.Taylor","00-0039745",41
"1342","T.Taylor","00-0039745",54
"1343","B.Baringer","00-0038610",57
"1344","J.Bailey","00-0035280",51
"1345","B.Baringer","00-0038610",53
"1346","B.Baringer","00-0038610",69
"1347","B.Baringer","00-0038610",39
"1348","J.Bailey","00-0035280",52
"1349","B.Baringer","00-0038610",41
"1350","J.Bailey","00-0035280",39
"1351","J.Bailey","00-0035280",53
"1352","J.Bailey","00-0035280",45
"1353","B.Mann","00-0036313",54
"1354","E.Evans","00-0039059",37
"1355","E.Evans","00-0039059",48
"1356","E.Evans","00-0039059",28
"1357","E.Evans","00-0039059",46
"1358","C.Bojorquez","00-0034721",12
"1359","C.Bojorquez","00-0034721",41
"1360","C.Bojorquez","00-0034721",39
"1361","C.Waitman","00-0035821",15
"1362","P.O'Donnell","00-0031079",46
"1363","P.O'Donnell","00-0031079",45
"1364","D.Whelan","00-0037547",37
"1365","D.Whelan","00-0037547",48
"1366","D.Whelan","00-0037547",59
"1367","P.O'Donnell","00-0031079",56
"1368","D.Whelan","00-0037547",51
"1369","J.Gillan","00-0035042",43
"1370","T.Gill","00-0037097",47
"1371","J.Gillan","00-0035042",53
"1372","J.Gillan","00-0035042",29
"1373","T.Gill","00-0037097",33
"1374","J.Gillan","00-0035042",43
"1375","T.Townsend","00-0035889",47
"1376","T.Townsend","00-0035889",50
"1377","R.Stonehouse","00-0037607",38
"1378","T.Townsend","00-0035889",49
"1379","R.Stonehouse","00-0037607",52
"1380","R.Stonehouse","00-0037607",62
"1381","T.Townsend","00-0035889",42
"1382","T.Townsend","00-0035889",52
"1383","R.Stonehouse","00-0037607",37
"1384","R.Stonehouse","00-0037607",61
"1385","B.Gillikin","00-0035859",42
"1386","R.Wright","00-0037500",59
"1387","R.Wright","00-0037500",51
"1388","T.Taylor","00-0039745",55
"1389","T.Taylor","00-0039745",56
"1390","T.Taylor","00-0039745",58
"1391","J.Fox","00-0035156",39
"1392","T.Taylor","00-0039745",54
"1393","J.Fox","00-0035156",61
"1394","R.Dixon","00-0032943",61
"1395","R.Dixon","00-0032943",58
"1396","C.Bojorquez","00-0034721",39
"1397","R.Dixon","00-0032943",59
"1398","C.Bojorquez","00-0034721",63
"1399","C.Bojorquez","00-0034721",39
"1400","R.Dixon","00-0032943",37
"1401","C.Bojorquez","00-0034721",63
"1402","R.Dixon","00-0032943",41
"1403","C.Bojorquez","00-0034721",48
"1404","C.Bojorquez","00-0034721",60
"1405","L.Cooke","00-0034437",64
"1406","T.Townsend","00-0035889",39
"1407","L.Cooke","00-0034437",40
"1408","T.Townsend","00-0035889",46
"1409","L.Cooke","00-0034437",48
"1410","T.Townsend","00-0035889",63
"1411","L.Cooke","00-0034437",39
"1412","T.Townsend","00-0035889",54
"1413","R.Sanchez","00-0033269",49
"1414","R.Sanchez","00-0033269",51
"1415","B.Baringer","00-0038610",38
"1416","B.Pinion","00-0032065",43
"1417","B.Pinion","00-0032065",39
"1418","J.Scott","00-0034162",48
"1419","J.Scott","00-0034162",46
"1420","J.Scott","00-0034162",52
"1421","E.Evans","00-0039059",45
"1422","M.Hayball","00-0039611",46
"1423","E.Evans","00-0039059",35
"1424","M.Hayball","00-0039611",49
"1425","E.Evans","00-0039059",36
"1426","M.Hayball","00-0039611",33
"1427","A.Cole","00-0035190",46
"1428","M.Araiza","00-0037284",29
"1429","M.Araiza","00-0037284",46
"1430","A.Cole","00-0035190",39
"1431","M.Araiza","00-0037284",52
"1432","A.Cole","00-0035190",55
"1433","M.Araiza","00-0037284",54
"1434","M.Araiza","00-0037284",36
"1435","D.Whelan","00-0037547",49
"1436","J.Bailey","00-0035280",49
"1437","D.Whelan","00-0037547",38
"1438","J.Bailey","00-0035280",44
"1439","J.Bailey","00-0035280",53
"1440","D.Whelan","00-0037547",35
"1441","D.Whelan","00-0037547",50
"1442","J.Gillan","00-0035042",46
"1443","J.Gillan","00-0035042",41
"1444","B.Anger","00-0029692",49
"1445","B.Anger","00-0029692",55
"1446","J.Gillan","00-0035042",54
"1447","B.Anger","00-0029692",40
"1448","J.Gillan","00-0035042",46
"1449","B.Anger","00-0029692",47
"1450","J.Gillan","00-0035042",41
"1451","B.Anger","00-0029692",45
"1452","B.Mann","00-0036313",46
"1453","B.Mann","00-0036313",48
"1454","B.Mann","00-0036313",56
"1455","J.Stout","00-0038094",58
"1456","B.Mann","00-0036313",58
"1457","J.Stout","00-0038094",48
"1458","J.Stout","00-0038094",43
"1459","B.Mann","00-0036313",51
"1460","B.Mann","00-0036313",48
"1461","J.Stout","00-0038094",42
"1462","R.Rehkow","00-0039323",41
"1463","R.Rehkow","00-0039323",46
"1464","C.Waitman","00-0035821",38
"1465","M.Dickson","00-0034160",46
"1466","T.Morstead","00-0027114",51
"1467","M.Dickson","00-0034160",52
"1468","T.Morstead","00-0027114",35
"1469","M.Dickson","00-0034160",43
"1470","T.Morstead","00-0027114",42
"1471","T.Morstead","00-0027114",34
"1472","S.Martin","00-0030092",48
"1473","P.O'Donnell","00-0031079",38
"1474","S.Martin","00-0030092",38
"1475","P.O'Donnell","00-0031079",46
"1476","S.Martin","00-0030092",54
"1477","P.O'Donnell","00-0031079",40
"1478","J.Hekker","00-0028872",39
"1479","T.Gill","00-0037097",54
"1480","J.Hekker","00-0028872",33
"1481","T.Gill","00-0037097",52
"1482","T.Gill","00-0037097",22
"1483","T.Gill","00-0037097",47
"1484","J.Hekker","00-0028872",26
"1485","T.Gill","00-0037097",53
"1486","J.Hekker","00-0028872",49
"1487","J.Hekker","00-0028872",45
"1488","R.Stonehouse","00-0037607",50
"1489","R.Stonehouse","00-0037607",53
"1490","R.Stonehouse","00-0037607",58
"1491","T.Way","00-0030140",52
"1492","R.Stonehouse","00-0037607",52
"1493","R.Wright","00-0037500",45
"1494","R.Wright","00-0037500",57
"1495","B.Pinion","00-0032065",53
"1496","S.Martin","00-0030092",0
"1497","S.Martin","00-0030092",46
"1498","S.Martin","00-0030092",55
"1499","E.Evans","00-0039059",53
"1500","E.Evans","00-0039059",42
"1501","J.Hekker","00-0028872",45
"1502","B.Mann","00-0036313",43
"1503","J.Hekker","00-0028872",45
"1504","B.Mann","00-0036313",47
"1505","B.Mann","00-0036313",44
"1506","B.Mann","00-0036313",38
"1507","T.Taylor","00-0039745",58
"1508","P.O'Donnell","00-0031079",45
"1509","T.Taylor","00-0039745",60
"1510","T.Taylor","00-0039745",51
"1511","T.Taylor","00-0039745",58
"1512","T.Taylor","00-0039745",46
"1513","P.O'Donnell","00-0031079",47
"1514","T.Taylor","00-0039745",43
"1515","R.Rehkow","00-0039323",46
"1516","B.Anger","00-0029692",47
"1517","B.Anger","00-0029692",51
"1518","B.Anger","00-0029692",52
"1519","R.Rehkow","00-0039323",61
"1520","B.Anger","00-0029692",48
"1521","R.Rehkow","00-0039323",14
"1522","C.Waitman","00-0035821",60
"1523","C.Bojorquez","00-0034721",42
"1524","C.Waitman","00-0035821",38
"1525","C.Bojorquez","00-0034721",31
"1526","C.Waitman","00-0035821",54
"1527","C.Bojorquez","00-0034721",63
"1528","C.Waitman","00-0035821",48
"1529","C.Bojorquez","00-0034721",55
"1530","C.Bojorquez","00-0034721",35
"1531","C.Waitman","00-0035821",55
"1532","C.Waitman","00-0035821",59
"1533","D.Whelan","00-0037547",43
"1534","J.Fox","00-0035156",42
"1535","D.Whelan","00-0037547",41
"1536","J.Fox","00-0035156",50
"1537","D.Whelan","00-0037547",41
"1538","R.Stonehouse","00-0037607",46
"1539","L.Cooke","00-0034437",44
"1540","L.Cooke","00-0034437",49
"1541","R.Stonehouse","00-0037607",52
"1542","L.Cooke","00-0034437",53
"1543","R.Stonehouse","00-0037607",45
"1544","L.Cooke","00-0034437",52
"1545","J.Scott","00-0034162",32
"1546","M.Araiza","00-0037284",59
"1547","J.Scott","00-0034162",33
"1548","M.Araiza","00-0037284",50
"1549","J.Scott","00-0034162",58
"1550","J.Scott","00-0034162",46
"1551","M.Araiza","00-0037284",48
"1552","J.Scott","00-0034162",44
"1553","M.Araiza","00-0037284",50
"1554","A.Cole","00-0035190",42
"1555","A.Cole","00-0035190",40
"1556","J.Browning","00-0039477",49
"1557","J.Browning","00-0039477",39
"1558","A.Cole","00-0035190",44
"1559","J.Browning","00-0039477",40
"1560","A.Cole","00-0035190",51
"1561","M.Hayball","00-0039611",35
"1562","J.Gillan","00-0035042",47
"1563","J.Gillan","00-0035042",36
"1564","M.Hayball","00-0039611",46
"1565","J.Gillan","00-0035042",34
"1566","M.Hayball","00-0039611",43
"1567","J.Gillan","00-0035042",30
"1568","M.Hayball","00-0039611",38
"1569","J.Gillan","00-0035042",33
"1570","J.Gillan","00-0035042",41
"1571","J.Gillan","00-0035042",44
"1572","J.Gillan","00-0035042",34
"1573","M.Hayball","00-0039611",36
"1574","M.Hayball","00-0039611",51
"1575","M.Hayball","00-0039611",43
"1576","J.Bailey","00-0035280",48
"1577","J.Bailey","00-0035280",56
"1578","T.Morstead","00-0027114",44
"1579","T.Morstead","00-0027114",52
"1580","J.Bailey","00-0035280",44
"1581","M.Dickson","00-0034160",51
"1582","B.Gillikin","00-0035859",63
"1583","C.Ryland","00-0038567",36
"1584","M.Dickson","00-0034160",47
"1585","M.Dickson","00-0034160",61
"1586","C.Ryland","00-0038567",44
"1587","M.Dickson","00-0034160",58
"1588","C.Ryland","00-0038567",37
"1589","M.Dickson","00-0034160",48
"1590","B.Pinion","00-0032065",38
"1591","A.Cole","00-0035190",30
"1592","B.Pinion","00-0032065",40
"1593","B.Pinion","00-0032065",42
"1594","A.Cole","00-0035190",0
"1595","A.Cole","00-0035190",47
"1596","B.Pinion","00-0032065",63
"1597","A.Cole","00-0035190",37
"1598","A.Cole","00-0035190",45
"1599","B.Pinion","00-0032065",37
"1600","B.Pinion","00-0032065",45
"1601","J.Gillan","00-0035042",51
"1602","J.Stout","00-0038094",42
"1603","J.Gillan","00-0035042",37
"1604","J.Gillan","00-0035042",30
"1605","J.Stout","00-0038094",50
"1606","J.Fox","00-0035156",60
"1607","J.Fox","00-0035156",48
"1608","J.Fox","00-0035156",59
"1609","S.Martin","00-0030092",51
"1610","T.Taylor","00-0039745",48
"1611","R.Wright","00-0037500",55
"1612","T.Taylor","00-0039745",51
"1613","R.Wright","00-0037500",49
"1614","T.Taylor","00-0039745",43
"1615","R.Wright","00-0037500",0
"1616","R.Stonehouse","00-0037607",67
"1617","R.Rehkow","00-0039323",36
"1618","B.Anger","00-0029692",56
"1619","B.Anger","00-0029692",57
"1620","J.Hekker","00-0028872",52
"1621","J.Hekker","00-0028872",41
"1622","J.Hekker","00-0028872",44
"1623","J.Hekker","00-0028872",53
"1624","M.Dickson","00-0034160",43
"1625","M.Dickson","00-0034160",36
"1626","D.Whelan","00-0037547",33
"1627","M.Dickson","00-0034160",47
"1628","D.Whelan","00-0037547",51
"1629","M.Dickson","00-0034160",53
"1630","D.Whelan","00-0037547",42
"1631","M.Dickson","00-0034160",47
"1632","M.Dickson","00-0034160",53
"1633","D.Whelan","00-0037547",44
"1634","R.Dixon","00-0032943",57
"1635","R.Sanchez","00-0033269",47
"1636","R.Dixon","00-0032943",43
"1637","R.Sanchez","00-0033269",54
"1638","R.Dixon","00-0032943",52
"1639","R.Dixon","00-0032943",44
"1640","R.Sanchez","00-0033269",53
"1641","R.Sanchez","00-0033269",51
"1642","R.Dixon","00-0032943",42
"1643","R.Sanchez","00-0033269",54
"1644","R.Dixon","00-0032943",49
"1645","M.Araiza","00-0037284",38
"1646","C.Bojorquez","00-0034721",36
"1647","M.Araiza","00-0037284",58
"1648","M.Araiza","00-0037284",41
"1649","C.Bojorquez","00-0034721",68
"1650","M.Araiza","00-0037284",40
"1651","C.Bojorquez","00-0034721",48
"1652","M.Araiza","00-0037284",37
"1653","C.Bojorquez","00-0034721",40
"1654","M.Araiza","00-0037284",30
"1655","M.Araiza","00-0037284",56
"1656","C.Bojorquez","00-0034721",56
"1657","M.Araiza","00-0037284",41
"1658","C.Bojorquez","00-0034721",41
"1659","M.Araiza","00-0037284",58
"1660","P.O'Donnell","00-0031079",40
"1661","E.Evans","00-0039059",56
"1662","E.Evans","00-0039059",50
"1663","P.O'Donnell","00-0031079",55
"1664","E.Evans","00-0039059",56
"1665","P.O'Donnell","00-0031079",38
"1666","E.Evans","00-0039059",68
"1667","P.O'Donnell","00-0031079",47
"1668","E.Evans","00-0039059",49
"1669","P.O'Donnell","00-0031079",48
"1670","P.O'Donnell","00-0031079",42
"1671","E.Evans","00-0039059",46
"1672","P.O'Donnell","00-0031079",46
"1673","J.Bailey","00-0035280",58
"1674","J.Bailey","00-0035280",59
"1675","T.Townsend","00-0035889",50
"1676","T.Townsend","00-0035889",57
"1677","T.Townsend","00-0035889",58
"1678","T.Townsend","00-0035889",34
"1679","J.Bailey","00-0035280",64
"1680","T.Townsend","00-0035889",51
"1681","B.Baringer","00-0038610",57
"1682","B.Baringer","00-0038610",53
"1683","M.Palardy","00-0031363",54
"1684","M.Palardy","00-0031363",43
"1685","T.Morstead","00-0027114",31
"1686","T.Morstead","00-0027114",54
"1687","L.Cooke","00-0034437",57
"1688","T.Morstead","00-0027114",40
"1689","L.Cooke","00-0034437",37
"1690","C.Waitman","00-0035821",36
"1691","C.Waitman","00-0035821",47
"1692","C.Waitman","00-0035821",49
"1693","C.Waitman","00-0035821",43
"1694","B.Mann","00-0036313",29
"1695","C.Waitman","00-0035821",40
"1696","J.Scott","00-0034162",42
"1697","J.Scott","00-0034162",57
"1698","J.Scott","00-0034162",42
"1699","M.Hayball","00-0039611",46
"1700","M.Hayball","00-0039611",41
"1701","T.Way","00-0030140",51
"1702","M.Hayball","00-0039611",47
"1703","T.Way","00-0030140",50
"1704","M.Hayball","00-0039611",53
"1705","T.Way","00-0030140",37
"1706","M.Palardy","00-0031363",34
"1707","J.Hekker","00-0028872",43
"1708","J.Hekker","00-0028872",43
"1709","M.Palardy","00-0031363",37
"1710","J.Hekker","00-0028872",37
"1711","J.Hekker","00-0028872",43
"1712","J.Hekker","00-0028872",57
"1713","M.Palardy","00-0031363",47
"1714","C.Bojorquez","00-0034721",44
"1715","C.Bojorquez","00-0034721",40
"1716","R.Rehkow","00-0039323",43
"1717","C.Bojorquez","00-0034721",43
"1718","C.Bojorquez","00-0034721",47
"1719","R.Rehkow","00-0039323",45
"1720","R.Rehkow","00-0039323",62
"1721","R.Rehkow","00-0039323",56
"1722","J.Scott","00-0034162",38
"1723","J.Scott","00-0034162",41
"1724","R.Dixon","00-0032943",51
"1725","R.Dixon","00-0032943",46
"1726","R.Dixon","00-0032943",45
"1727","R.Dixon","00-0032943",45
"1728","J.Scott","00-0034162",46
"1729","R.Dixon","00-0032943",41
"1730","T.Taylor","00-0039745",49
"1731","T.Taylor","00-0039745",42
"1732","T.Taylor","00-0039745",30
"1733","J.Fox","00-0035156",47
"1734","M.Araiza","00-0037284",49
"1735","M.Araiza","00-0037284",41
"1736","T.Townsend","00-0035889",48
"1737","T.Townsend","00-0035889",57
"1738","L.Cooke","00-0034437",45
"1739","A.Cole","00-0035190",51
"1740","L.Cooke","00-0034437",31
"1741","A.Cole","00-0035190",54
"1742","L.Cooke","00-0034437",44
"1743","L.Cooke","00-0034437",55
"1744","A.Cole","00-0035190",31
"1745","A.Cole","00-0035190",48
"1746","L.Cooke","00-0034437",36
"1747","A.Cole","00-0035190",60
"1748","L.Cooke","00-0034437",20
"1749","L.Cooke","00-0034437",44
"1750","A.Cole","00-0035190",41
"1751","E.Evans","00-0039059",36
"1752","E.Evans","00-0039059",43
"1753","M.Dickson","00-0034160",56
"1754","R.Wright","00-0037500",51
"1755","R.Wright","00-0037500",54
"1756","M.Dickson","00-0034160",46
"1757","M.Dickson","00-0034160",50
"1758","R.Wright","00-0037500",63
"1759","M.Dickson","00-0034160",51
"1760","R.Wright","00-0037500",38
"1761","M.Dickson","00-0034160",59
"1762","R.Wright","00-0037500",56
"1763","R.Wright","00-0037500",38
"1764","S.Martin","00-0030092",48
"1765","B.Baringer","00-0038610",42
"1766","B.Baringer","00-0038610",46
"1767","S.Martin","00-0030092",56
"1768","S.Martin","00-0030092",30
"1769","B.Baringer","00-0038610",45
"1770","S.Martin","00-0030092",37
"1771","M.Hayball","00-0039611",37
"1772","M.Hayball","00-0039611",37
"1773","D.Whelan","00-0037547",60
"1774","M.Hayball","00-0039611",48
"1775","D.Whelan","00-0037547",33
"1776","M.Hayball","00-0039611",37
"1777","J.Gillan","00-0035042",51
"1778","B.Pinion","00-0032065",46
"1779","J.Gillan","00-0035042",46
"1780","J.Gillan","00-0035042",41
"1781","J.Gillan","00-0035042",51
"1782","J.Gillan","00-0035042",21
"1783","B.Pinion","00-0032065",42
"1784","T.Way","00-0030140",49
"1785","B.Mann","00-0036313",39
"1786","B.Mann","00-0036313",42
"1787","T.Way","00-0030140",43
"1788","B.Mann","00-0036313",36
"1789","B.Mann","00-0036313",43
"1790","J.Stout","00-0038094",41
"1791","C.Waitman","00-0035821",58
"1792","J.Stout","00-0038094",14
"1793","C.Waitman","00-0035821",42
"1794","C.Waitman","00-0035821",56
"1795","J.Stout","00-0038094",50
"1796","C.Waitman","00-0035821",42
"1797","C.Waitman","00-0035821",49
"1798","P.O'Donnell","00-0031079",51
"1799","J.Bailey","00-0035280",58
"1800","P.O'Donnell","00-0031079",45
"1801","P.O'Donnell","00-0031079",45
"1802","J.Bailey","00-0035280",40
"1803","P.O'Donnell","00-0031079",39
"1804","J.Browning","00-0039477",41
"1805","B.Anger","00-0029692",47
"1806","J.Browning","00-0039477",45
"1807","J.Browning","00-0039477",39
"1808","B.Anger","00-0029692",51
"1809","J.Browning","00-0039477",54
"1810","B.Anger","00-0029692",39
"1811","B.Anger","00-0029692",57
"1812","B.Anger","00-0029692",52
"1813","R.Stonehouse","00-0037607",60
"1814","R.Sanchez","00-0033269",49
"1815","R.Stonehouse","00-0037607",61
"1816","R.Stonehouse","00-0037607",46
"1817","R.Stonehouse","00-0037607",54
"1818","R.Sanchez","00-0033269",49
"1819","R.Sanchez","00-0033269",57
"1820","R.Sanchez","00-0033269",34
"1821","E.Evans","00-0039059",45
"1822","M.Palardy","00-0031363",50
"1823","E.Evans","00-0039059",57
"1824","M.Palardy","00-0031363",47
"1825","E.Evans","00-0039059",53
"1826","E.Evans","00-0039059",46
"1827","M.Palardy","00-0031363",39
"1828","M.Palardy","00-0031363",28
"1829","E.Evans","00-0039059",51
"1830","E.Evans","00-0039059",47
"1831","T.Way","00-0030140",55
"1832","B.Pinion","00-0032065",61
"1833","T.Way","00-0030140",37
"1834","B.Pinion","00-0032065",42
"1835","B.Pinion","00-0032065",38
"1836","T.Way","00-0030140",61
"1837","T.Townsend","00-0035889",29
"1838","T.Townsend","00-0035889",46
"1839","J.Stout","00-0038094",37
"1840","T.Townsend","00-0035889",69
"1841","T.Townsend","00-0035889",43
"1842","J.Stout","00-0038094",37
"1843","T.Townsend","00-0035889",41
"1844","J.Stout","00-0038094",41
"1845","T.Townsend","00-0035889",61
"1846","J.Stout","00-0038094",50
"1847","J.Hekker","00-0028872",40
"1848","J.Hekker","00-0028872",51
"1849","J.Hekker","00-0028872",36
"1850","J.Browning","00-0039477",52
"1851","J.Hekker","00-0028872",51
"1852","J.Hekker","00-0028872",0
"1853","J.Hekker","00-0028872",48
"1854","B.Mann","00-0036313",52
"1855","B.Anger","00-0029692",47
"1856","B.Mann","00-0036313",54
"1857","B.Anger","00-0029692",40
"1858","B.Anger","00-0029692",49
"1859","B.Mann","00-0036313",42
"1860","B.Anger","00-0029692",62
"1861","R.Dixon","00-0032943",40
"1862","R.Dixon","00-0032943",48
"1863","R.Rehkow","00-0039323",47
"1864","R.Dixon","00-0032943",40
"1865","R.Dixon","00-0032943",38
"1866","R.Wright","00-0037500",30
"1867","D.Whelan","00-0037547",50
"1868","D.Whelan","00-0037547",49
"1869","D.Whelan","00-0037547",29
"1870","D.Whelan","00-0037547",41
"1871","R.Wright","00-0037500",41
"1872","J.Gillan","00-0035042",48
"1873","J.Gillan","00-0035042",51
"1874","R.Sanchez","00-0033269",32
"1875","J.Gillan","00-0035042",47
"1876","C.Waitman","00-0035821",40
"1877","C.Waitman","00-0035821",58
"1878","M.Araiza","00-0037284",58
"1879","M.Araiza","00-0037284",40
"1880","C.Waitman","00-0035821",31
"1881","M.Araiza","00-0037284",72
"1882","M.Araiza","00-0037284",44
"1883","C.Waitman","00-0035821",49
"1884","M.Araiza","00-0037284",55
"1885","J.Scott","00-0034162",53
"1886","B.Baringer","00-0038610",50
"1887","B.Baringer","00-0038610",44
"1888","B.Baringer","00-0038610",62
"1889","B.Baringer","00-0038610",64
"1890","J.Scott","00-0034162",39
"1891","M.Hayball","00-0039611",37
"1892","A.Cole","00-0035190",56
"1893","M.Hayball","00-0039611",41
"1894","M.Hayball","00-0039611",40
"1895","M.Hayball","00-0039611",38
"1896","A.Cole","00-0035190",71
"1897","M.Hayball","00-0039611",55
"1898","M.Hayball","00-0039611",55
"1899","A.Cole","00-0035190",38
"1900","M.Hayball","00-0039611",64
"1901","A.Cole","00-0035190",33
"1902","J.Bailey","00-0035280",35
"1903","C.Bojorquez","00-0034721",43
"1904","J.Bailey","00-0035280",44
"1905","C.Bojorquez","00-0034721",68
"1906","J.Bailey","00-0035280",53
"1907","J.Bailey","00-0035280",41
"1908","C.Bojorquez","00-0034721",38
"1909","C.Bojorquez","00-0034721",55
"1910","J.Bailey","00-0035280",40
"1911","J.Bailey","00-0035280",42
"1912","C.Bojorquez","00-0034721",46
"1913","J.Bailey","00-0035280",52
"1914","S.Martin","00-0030092",47
"1915","S.Martin","00-0030092",39
"1916","T.Morstead","00-0027114",41
"1917","S.Martin","00-0030092",51
"1918","T.Morstead","00-0027114",56
"1919","T.Morstead","00-0027114",46
"1920","T.Taylor","00-0039745",48
"1921","M.Dickson","00-0034160",58
"1922","T.Taylor","00-0039745",50
"1923","M.Dickson","00-0034160",56
"1924","T.Taylor","00-0039745",49
"1925","M.Dickson","00-0034160",32
"1926","T.Taylor","00-0039745",49
"1927","M.Dickson","00-0034160",43
"1928","T.Taylor","00-0039745",39
"1929","T.Taylor","00-0039745",47
"1930","M.Dickson","00-0034160",56
"1931","T.Taylor","00-0039745",45
"1932","M.Dickson","00-0034160",43
"1933","R.Stonehouse","00-0037607",38
"1934","L.Cooke","00-0034437",48
"1935","R.Stonehouse","00-0037607",61
"1936","L.Cooke","00-0034437",38
"1937","R.Stonehouse","00-0037607",50
"1938","L.Cooke","00-0034437",44
"1939","B.Baringer","00-0038610",36
"1940","B.Baringer","00-0038610",36
"1941","S.Martin","00-0030092",34
"1942","S.Martin","00-0030092",34
"1943","S.Martin","00-0030092",42
"1944","B.Baringer","00-0038610",39
"1945","S.Martin","00-0030092",53
"1946","J.Hekker","00-0028872",45
"1947","J.Hekker","00-0028872",53
"1948","J.Hekker","00-0028872",57
"1949","D.Whelan","00-0037547",35
"1950","T.Taylor","00-0039745",55
"1951","D.Whelan","00-0037547",38
"1952","T.Taylor","00-0039745",49
"1953","T.Taylor","00-0039745",53
"1954","T.Taylor","00-0039745",34
"1955","T.Taylor","00-0039745",27
"1956","D.Whelan","00-0037547",60
"1957","T.Taylor","00-0039745",36
"1958","C.Waitman","00-0035821",39
"1959","C.Waitman","00-0035821",39
"1960","R.Rehkow","00-0039323",57
"1961","C.Waitman","00-0035821",50
"1962","C.Waitman","00-0035821",43
"1963","R.Rehkow","00-0039323",47
"1964","C.Waitman","00-0035821",42
"1965","R.Rehkow","00-0039323",42
"1966","C.Bojorquez","00-0034721",43
"1967","J.Stout","00-0038094",47
"1968","C.Bojorquez","00-0034721",26
"1969","C.Bojorquez","00-0034721",62
"1970","C.Bojorquez","00-0034721",44
"1971","J.Stout","00-0038094",33
"1972","C.Bojorquez","00-0034721",41
"1973","J.Stout","00-0038094",29
"1974","J.Stout","00-0038094",70
"1975","R.Stonehouse","00-0037607",48
"1976","T.Townsend","00-0035889",39
"1977","R.Stonehouse","00-0037607",50
"1978","R.Stonehouse","00-0037607",31
"1979","T.Townsend","00-0035889",53
"1980","R.Stonehouse","00-0037607",45
"1981","T.Townsend","00-0035889",53
"1982","R.Stonehouse","00-0037607",45
"1983","T.Townsend","00-0035889",46
"1984","R.Sanchez","00-0033269",44
"1985","L.Cooke","00-0034437",62
"1986","L.Cooke","00-0034437",47
"1987","L.Cooke","00-0034437",46
"1988","R.Sanchez","00-0033269",61
"1989","L.Cooke","00-0034437",45
"1990","R.Sanchez","00-0033269",56
"1991","R.Sanchez","00-0033269",39
"1992","M.Araiza","00-0037284",48
"1993","M.Araiza","00-0037284",47
"1994","M.Araiza","00-0037284",60
"1995","R.Dixon","00-0032943",44
"1996","M.Araiza","00-0037284",42
"1997","M.Araiza","00-0037284",48
"1998","R.Dixon","00-0032943",44
"1999","A.Cole","00-0035190",62
"2000","J.Scott","00-0034162",47
"2001","A.Cole","00-0035190",58
"2002","A.Cole","00-0035190",60
"2003","J.Bailey","00-0035280",49
"2004","T.Morstead","00-0027114",34
"2005","J.Bailey","00-0035280",19
"2006","T.Morstead","00-0027114",49
"2007","T.Morstead","00-0027114",36
"2008","J.Bailey","00-0035280",53
"2009","T.Morstead","00-0027114",38
"2010","J.Fox","00-0035156",56
"2011","R.Wright","00-0037500",49
"2012","R.Wright","00-0037500",57
"2013","J.Fox","00-0035156",46
"2014","R.Wright","00-0037500",49
"2015","J.Browning","00-0039477",52
"2016","M.Hayball","00-0039611",44
"2017","J.Browning","00-0039477",14
"2018","M.Hayball","00-0039611",36
"2019","M.Hayball","00-0039611",51
"2020","J.Gillan","00-0035042",43
"2021","J.Gillan","00-0035042",35
"2022","B.Mann","00-0036313",33
"2023","B.Mann","00-0036313",59
"2024","J.Gillan","00-0035042",42
"2025","B.Mann","00-0036313",48
"2026","E.Evans","00-0039059",52
"2027","M.Dickson","00-0034160",59
"2028","E.Evans","00-0039059",51
"2029","M.Dickson","00-0034160",51
"2030","M.Dickson","00-0034160",62
"2031","M.Dickson","00-0034160",56
"2032","M.Palardy","00-0031363",47
"2033","P.O'Donnell","00-0031079",50
"2034","M.Palardy","00-0031363",47
"2035","M.Palardy","00-0031363",38
"2036","P.O'Donnell","00-0031079",50
"2037","M.Palardy","00-0031363",48
"2038","T.Way","00-0030140",56
"2039","T.Way","00-0030140",53
"2040","B.Anger","00-0029692",55
"2041","T.Way","00-0030140",48
"2042","B.Anger","00-0029692",42
"2043","T.Way","00-0030140",39
"2044","B.Anger","00-0029692",58
"2045","T.Way","00-0030140",42
"2046","B.Anger","00-0029692",43
"2047","R.Dixon","00-0032943",53
"2048","R.Dixon","00-0032943",38
"2049","S.Martin","00-0030092",45
"2050","R.Dixon","00-0032943",48
"2051","R.Dixon","00-0032943",53
"2052","D.Whelan","00-0037547",50
"2053","B.Mann","00-0036313",47
"2054","D.Whelan","00-0037547",50
"2055","B.Mann","00-0036313",54
"2056","B.Mann","00-0036313",46
"2057","B.Mann","00-0036313",33
"2058","B.Mann","00-0036313",63
"2059","T.Townsend","00-0035889",67
"2060","J.Scott","00-0034162",35
"2061","T.Townsend","00-0035889",38
"2062","J.Scott","00-0034162",47
"2063","T.Townsend","00-0035889",50
"2064","J.Scott","00-0034162",55
"2065","J.Scott","00-0034162",48
"2066","J.Scott","00-0034162",36
"2067","T.Townsend","00-0035889",28
"2068","R.Wright","00-0037500",56
"2069","E.Evans","00-0039059",47
"2070","E.Evans","00-0039059",48
"2071","R.Wright","00-0037500",27
"2072","E.Evans","00-0039059",54
"2073","R.Wright","00-0037500",50
"2074","E.Evans","00-0039059",59
"2075","E.Evans","00-0039059",43
"2076","C.Waitman","00-0035821",60
"2077","C.Waitman","00-0035821",47
"2078","J.Stout","00-0038094",46
"2079","C.Waitman","00-0035821",56
"2080","C.Waitman","00-0035821",47
"2081","J.Stout","00-0038094",49
"2082","J.Stout","00-0038094",44
"2083","C.Waitman","00-0035821",47
"2084","J.Stout","00-0038094",44
"2085","J.Browning","00-0039477",41
"2086","J.Browning","00-0039477",56
"2087","S.Martin","00-0030092",44
"2088","S.Martin","00-0030092",54
"2089","S.Martin","00-0030092",52
"2090","T.Townsend","00-0035889",49
"2091","M.Araiza","00-0037284",51
"2092","M.Araiza","00-0037284",36
"2093","T.Townsend","00-0035889",34
"2094","B.Mann","00-0036313",57
"2095","E.Evans","00-0039059",49
"2096","B.Mann","00-0036313",32
"2097","E.Evans","00-0039059",49
"2098","E.Evans","00-0039059",53
"2099","B.Mann","00-0036313",55
"2100","E.Evans","00-0039059",58
"2101","E.Evans","00-0039059",48
"2102","B.Mann","00-0036313",55
"2103","J.Fox","00-0035156",43
"2104","T.Way","00-0030140",48
"2105","S.Martin","00-0030092",56
"2106","S.Martin","00-0030092",45
"2107","M.Araiza","00-0037284",42
"2108","M.Araiza","00-0037284",51
"2109","B.Mann","00-0036313",43
"2110","T.Way","00-0030140",45
"2111","B.Mann","00-0036313",40
"2112","B.Mann","00-0036313",53
"2113","M.Araiza","00-0037284",58
"2114","M.Araiza","00-0037284",60
"2115","M.Araiza","00-0037284",54
"2116","M.Araiza","00-0037284",42
"2117","B.Mann","00-0036313",43
"2118","M.Araiza","00-0037284",42
"2119","M.Araiza","00-0037284",55
